{
  "control_points": {
    "Cx": [
      [
        -0.03169999999981778,
        -0.030999999999657742,
        0.031699999999808146,
        0.03169999999974656
      ],
      [
        -0.03169999999976375,
        -0.03029512751366576,
        0.03170000000088015,
        0.03169999999841655
      ],
      [
        -0.03169999999970452,
        -0.024862620659959284,
        0.028530000009011527,
        0.029886800564719564
      ],
      [
        -0.027737500010713755,
        0.028612264490727474,
        0.028530000000550882,
        -0.03169999999983342
      ],
      [
        -0.03169999999942401,
        0.031699999999033196,
        0.03170000000173877,
        -0.03169999999979911
      ],
      [
        -0.030999999999703917,
        0.03169999999990486,
        0.0316999999998656,
        -0.031699999999831266
      ]
    ],
    "Cy": [
      [
        -0.031699999999818415,
        0.03169999999989571,
        0.03169999999980723,
        -0.031699999999803094
      ],
      [
        -0.031699999999766366,
        0.03170000000086515,
        0.03169999999923147,
        -0.03170000000044617
      ],
      [
        -0.03169999999971798,
        0.025360000007699612,
        0.025191087602547343,
        -0.026945000037479582
      ],
      [
        0.025447348544514633,
        0.025360000013422736,
        -0.0233868770043283,
        -0.0316999999997294
      ],
      [
        0.03169999999920676,
        0.031700000000561515,
        -0.031699999999007515,
        -0.031699999999799555
      ],
      [
        0.031699999999916316,
        0.031699999999869076,
        -0.03169999999982758,
        -0.03169999999984081
      ]
    ]
  },
  "time_segments": [
    5.664541094456903,
    5.703970233598809,
    5.779454315467015,
    4.370991793493676
  ],
  "corridor": [
    [
      -0.0317,
      -0.0317,
      -0.0277375,
      0.0317
    ],
    [
      -0.0317,
      0.02536,
      0.0317,
      0.0317
    ],
    [
      0.028529999999999993,
      -0.0317,
      0.0317,
      0.0317
    ],
    [
      -0.0317,
      -0.0317,
      0.0317,
      -0.026945
    ]
  ],
  "start_pos": [
    -0.0317,
    -0.0317
  ],
  "end_pos": [
    -0.0317,
    -0.0317
  ],
  "config": {
    "N_DEGREE": 5,
    "V_MAX": 0.08,
    "A_MAX": 0.5
  },
  "num_segments": 4
}