{
  "control_points": {
    "Cx": [
      [
        -0.031700000000000346,
        -0.02177815880255726,
        -0.013275871359396884,
        -0.006945446898738435,
        -5.843676450406353e-21
      ],
      [
        -0.03170000000000121,
        -0.020316440488337927,
        -0.012080198038250698,
        -0.005613300181770968,
        0.011469496259835687
      ],
      [
        -0.03170000000000297,
        -0.01872444861543116,
        -0.010847176214518046,
        -0.004250328988779296,
        0.02444069219170306
      ],
      [
        -0.030194758578358072,
        -0.017012531307449837,
        -0.009578915856649172,
        -0.0028588685323056536,
        0.03170000000000181
      ],
      [
        -0.026735724365275285,
        -0.015192168471903937,
        -0.008277593615705906,
        -0.0014412910743995461,
        0.03170000000000058
      ],
      [
        -0.02177815880255726,
        -0.013275871359396884,
        -0.006945446898738435,
        -2.7760995181888326e-22,
        0.031700000000000096
      ]
    ],
    "Cy": [
      [
        -4.761052930191335e-17,
        0.013038421132198294,
        0.019812501244702435,
        0.02326485458098804,
        0.026000000000000002
      ],
      [
        -6.913114701036642e-16,
        0.014489822498614774,
        0.0205725205648619,
        0.023884093647752302,
        0.029781995673461698
      ],
      [
        -2.358004211203246e-15,
        0.015914730549121008,
        0.021298811839565366,
        0.024467074688912585,
        0.03130912768599079
      ],
      [
        0.0028885204359350722,
        0.017289711464041922,
        0.021990118421855543,
        0.02501387934180259,
        0.03170000000002354
      ],
      [
        0.00811584654184631,
        0.018594423695497738,
        0.022645615514223786,
        0.025524743154878897,
        0.031700000000010574
      ],
      [
        0.013038421132198295,
        0.019812501244702428,
        0.02326485458098804,
        0.026000000000000013,
        0.031700000000003795
      ]
    ],
    "Cz": [
      [
        -0.03170000000000376,
        -0.02221449098544049,
        -0.010302500025169404,
        -0.0034161757491596115,
        1.6689685805794738e-18
      ],
      [
        -0.03170000000000996,
        -0.020248115843363255,
        -0.008745094896431152,
        -0.002307663539251943,
        0.0015849999641864676
      ],
      [
        -0.03170000000002041,
        -0.01794679963324269,
        -0.007234061983733116,
        -0.0013782518994539625,
        -0.013743473216912312
      ],
      [
        -0.03169999826652553,
        -0.015413697039466882,
        -0.005812300739084641,
        -0.0006654354102430632,
        -0.03170000000000401
      ],
      [
        -0.02888365124218481,
        -0.012798542128328367,
        -0.0045246879590672825,
        -0.00019917581814864104,
        -0.03170000000000091
      ],
      [
        -0.02221449098544049,
        -0.010302500025169402,
        -0.0034161757491596115,
        3.937147000962161e-20,
        -0.03169999999999989
      ]
    ]
  },
  "time_segments": [
    2.7178475246967038,
    0.8013464374491842,
    0.5,
    0.5,
    3.9788965822236757
  ],
  "corridor": [
    [
      -0.0317,
      -0.01585,
      0.0,
      0.0317,
      -0.0317,
      -0.0198125
    ],
    [
      -0.0317,
      0.0317,
      0.009510000000000005,
      0.0317,
      -0.0317,
      -0.0103025
    ],
    [
      -0.0317,
      0.0317,
      0.019812499999999997,
      0.0317,
      -0.0317,
      0.0
    ],
    [
      -0.0317,
      0.0317,
      0.0213975,
      0.0317,
      -0.0317,
      0.001585000000000003
    ],
    [
      -0.0317,
      0.0317,
      0.0213975,
      0.0317,
      -0.0317,
      0.001585000000000003
    ]
  ],
  "start_pos": [
    -0.0317,
    0.0,
    -0.0317
  ],
  "end_pos": [
    0.0317,
    0.0317,
    -0.0317
  ],
  "config": {
    "N_DEGREE": 5,
    "V_MAX": 0.1,
    "A_MAX": 0.1
  },
  "num_segments": 5
}